participant;Y_SO;Y_MO;Y_MF;Y_SF;X_MO;X_SO;X_MF;X_SF
P1;-0.17295181652391162;-0.17875537326128882;-0.18021236561237416;-0.1747156317120686;0.013441718704216808;0.012071236333418113;0.01298294428795564;0.015625941576080597
P2;-0.130348106254828;-0.13318496912272568;-0.13851109177095247;-0.09258282012802908;0.014307230623783593;0.010994390828582872;0.013254545114249143;0.009026280442156927
